file,line,type,commit,author,date,time,timezone,datetime,depth,length
style.css,1,css,3d587f4b,Bobz18,2026-04-17,19:55:23,-07:00,2026-04-17T19:55:23-07:00,0,3
style.css,2,css,3d587f4b,Bobz18,2026-04-17,19:55:23,-07:00,2026-04-17T19:55:23-07:00,1,23
style.css,3,css,3d587f4b,Bobz18,2026-04-17,19:55:23,-07:00,2026-04-17T19:55:23-07:00,0,0
style.css,4,css,8065bd48,Bobz18,2026-04-07,22:27:44,-07:00,2026-04-07T22:27:44-07:00,0,4
style.css,5,css,8065bd48,Bobz18,2026-04-07,22:27:44,-07:00,2026-04-07T22:27:44-07:00,1,31
style.css,6,css,8065bd48,Bobz18,2026-04-07,22:27:44,-07:00,2026-04-07T22:27:44-07:00,1,32
style.css,7,css,8065bd48,Bobz18,2026-04-07,22:27:44,-07:00,2026-04-07T22:27:44-07:00,0,0
style.css,8,css,befad7bd,Bobz18,2026-04-07,22:20:26,-07:00,2026-04-07T22:20:26-07:00,0,0
style.css,9,css,8065bd48,Bobz18,2026-04-07,22:27:44,-07:00,2026-04-07T22:27:44-07:00,0,4
style.css,10,css,8065bd48,Bobz18,2026-04-07,22:27:44,-07:00,2026-04-07T22:27:44-07:00,1,25
style.css,11,css,befad7bd,Bobz18,2026-04-07,22:20:26,-07:00,2026-04-07T22:20:26-07:00,1,15
style.css,12,css,8065bd48,Bobz18,2026-04-07,22:27:44,-07:00,2026-04-07T22:27:44-07:00,1,18
style.css,13,css,befad7bd,Bobz18,2026-04-07,22:20:26,-07:00,2026-04-07T22:20:26-07:00,1,12
style.css,14,css,8065bd48,Bobz18,2026-04-07,22:27:44,-07:00,2026-04-07T22:27:44-07:00,0,0
style.css,15,css,8065bd48,Bobz18,2026-04-07,22:27:44,-07:00,2026-04-07T22:27:44-07:00,0,0
style.css,16,css,8065bd48,Bobz18,2026-04-07,22:27:44,-07:00,2026-04-07T22:27:44-07:00,0,3
style.css,17,css,8065bd48,Bobz18,2026-04-07,22:27:44,-07:00,2026-04-07T22:27:44-07:00,1,14
style.css,18,css,8065bd48,Bobz18,2026-04-07,22:27:44,-07:00,2026-04-07T22:27:44-07:00,1,11
style.css,19,css,8065bd48,Bobz18,2026-04-07,22:27:44,-07:00,2026-04-07T22:27:44-07:00,0,0
style.css,20,css,8065bd48,Bobz18,2026-04-07,22:27:44,-07:00,2026-04-07T22:27:44-07:00,0,0
style.css,21,css,8065bd48,Bobz18,2026-04-07,22:27:44,-07:00,2026-04-07T22:27:44-07:00,0,3
style.css,22,css,8065bd48,Bobz18,2026-04-07,22:27:44,-07:00,2026-04-07T22:27:44-07:00,1,12
style.css,23,css,8065bd48,Bobz18,2026-04-07,22:27:44,-07:00,2026-04-07T22:27:44-07:00,1,18
style.css,24,css,3d587f4b,Bobz18,2026-04-17,19:55:23,-07:00,2026-04-17T19:55:23-07:00,1,39
style.css,25,css,3d587f4b,Bobz18,2026-04-17,19:55:23,-07:00,2026-04-17T19:55:23-07:00,1,43
style.css,26,css,8065bd48,Bobz18,2026-04-07,22:27:44,-07:00,2026-04-07T22:27:44-07:00,0,0
style.css,27,css,8065bd48,Bobz18,2026-04-07,22:27:44,-07:00,2026-04-07T22:27:44-07:00,0,0
style.css,28,css,8065bd48,Bobz18,2026-04-07,22:27:44,-07:00,2026-04-07T22:27:44-07:00,0,5
style.css,29,css,8065bd48,Bobz18,2026-04-07,22:27:44,-07:00,2026-04-07T22:27:44-07:00,1,6
style.css,30,css,8065bd48,Bobz18,2026-04-07,22:27:44,-07:00,2026-04-07T22:27:44-07:00,1,20
style.css,31,css,8065bd48,Bobz18,2026-04-07,22:27:44,-07:00,2026-04-07T22:27:44-07:00,1,13
style.css,32,css,8065bd48,Bobz18,2026-04-07,22:27:44,-07:00,2026-04-07T22:27:44-07:00,1,17
style.css,33,css,8065bd48,Bobz18,2026-04-07,22:27:44,-07:00,2026-04-07T22:27:44-07:00,1,13
style.css,34,css,8065bd48,Bobz18,2026-04-07,22:27:44,-07:00,2026-04-07T22:27:44-07:00,0,0
style.css,35,css,8065bd48,Bobz18,2026-04-07,22:27:44,-07:00,2026-04-07T22:27:44-07:00,0,0
style.css,36,css,8065bd48,Bobz18,2026-04-07,22:27:44,-07:00,2026-04-07T22:27:44-07:00,0,13
style.css,37,css,8065bd48,Bobz18,2026-04-07,22:27:44,-07:00,2026-04-07T22:27:44-07:00,1,43
style.css,38,css,8065bd48,Bobz18,2026-04-07,22:27:44,-07:00,2026-04-07T22:27:44-07:00,1,20
style.css,39,css,8065bd48,Bobz18,2026-04-07,22:27:44,-07:00,2026-04-07T22:27:44-07:00,0,0
style.css,40,css,8065bd48,Bobz18,2026-04-07,22:27:44,-07:00,2026-04-07T22:27:44-07:00,0,0
style.css,41,css,8065bd48,Bobz18,2026-04-07,22:27:44,-07:00,2026-04-07T22:27:44-07:00,0,11
style.css,42,css,8065bd48,Bobz18,2026-04-07,22:27:44,-07:00,2026-04-07T22:27:44-07:00,1,45
style.css,43,css,3d587f4b,Bobz18,2026-04-17,19:55:23,-07:00,2026-04-17T19:55:23-07:00,1,69
style.css,44,css,94770964,Bobz18,2026-04-07,22:34:29,-07:00,2026-04-07T22:34:29-07:00,0,0
style.css,45,css,94770964,Bobz18,2026-04-07,22:34:29,-07:00,2026-04-07T22:34:29-07:00,0,0
style.css,46,css,94770964,Bobz18,2026-04-07,22:34:29,-07:00,2026-04-07T22:34:29-07:00,0,4
style.css,47,css,94770964,Bobz18,2026-04-07,22:34:29,-07:00,2026-04-07T22:34:29-07:00,1,12
style.css,48,css,94770964,Bobz18,2026-04-07,22:34:29,-07:00,2026-04-07T22:34:29-07:00,1,30
style.css,49,css,94770964,Bobz18,2026-04-07,22:34:29,-07:00,2026-04-07T22:34:29-07:00,1,7
style.css,50,css,94770964,Bobz18,2026-04-07,22:34:29,-07:00,2026-04-07T22:34:29-07:00,0,0
style.css,51,css,94770964,Bobz18,2026-04-07,22:34:29,-07:00,2026-04-07T22:34:29-07:00,0,0
style.css,52,css,94770964,Bobz18,2026-04-07,22:34:29,-07:00,2026-04-07T22:34:29-07:00,0,10
style.css,53,css,94770964,Bobz18,2026-04-07,22:34:29,-07:00,2026-04-07T22:34:29-07:00,1,12
style.css,54,css,94770964,Bobz18,2026-04-07,22:34:29,-07:00,2026-04-07T22:34:29-07:00,1,29
style.css,55,css,94770964,Bobz18,2026-04-07,22:34:29,-07:00,2026-04-07T22:34:29-07:00,1,18
style.css,56,css,94770964,Bobz18,2026-04-07,22:34:29,-07:00,2026-04-07T22:34:29-07:00,0,0
style.css,57,css,94770964,Bobz18,2026-04-07,22:34:29,-07:00,2026-04-07T22:34:29-07:00,0,0
style.css,58,css,94770964,Bobz18,2026-04-07,22:34:29,-07:00,2026-04-07T22:34:29-07:00,0,11
style.css,59,css,94770964,Bobz18,2026-04-07,22:34:29,-07:00,2026-04-07T22:34:29-07:00,1,18
style.css,60,css,94770964,Bobz18,2026-04-07,22:34:29,-07:00,2026-04-07T22:34:29-07:00,0,0
style.css,61,css,94770964,Bobz18,2026-04-07,22:34:29,-07:00,2026-04-07T22:34:29-07:00,0,0
style.css,62,css,94770964,Bobz18,2026-04-07,22:34:29,-07:00,2026-04-07T22:34:29-07:00,0,4
style.css,63,css,94770964,Bobz18,2026-04-07,22:34:29,-07:00,2026-04-07T22:34:29-07:00,0,7
style.css,64,css,94770964,Bobz18,2026-04-07,22:34:29,-07:00,2026-04-07T22:34:29-07:00,0,6
style.css,65,css,94770964,Bobz18,2026-04-07,22:34:29,-07:00,2026-04-07T22:34:29-07:00,1,12
style.css,66,css,94770964,Bobz18,2026-04-07,22:34:29,-07:00,2026-04-07T22:34:29-07:00,1,10
style.css,67,css,94770964,Bobz18,2026-04-07,22:34:29,-07:00,2026-04-07T22:34:29-07:00,1,21
style.css,68,css,94770964,Bobz18,2026-04-07,22:34:29,-07:00,2026-04-07T22:34:29-07:00,0,0
style.css,69,css,94770964,Bobz18,2026-04-07,22:34:29,-07:00,2026-04-07T22:34:29-07:00,0,0
style.css,70,css,94770964,Bobz18,2026-04-07,22:34:29,-07:00,2026-04-07T22:34:29-07:00,0,8
style.css,71,css,94770964,Bobz18,2026-04-07,22:34:29,-07:00,2026-04-07T22:34:29-07:00,1,14
style.css,72,css,9c9bd82a,Bobz18,2026-04-09,17:40:48,-07:00,2026-04-09T17:40:48-07:00,0,0
style.css,73,css,9c9bd82a,Bobz18,2026-04-09,17:40:48,-07:00,2026-04-09T17:40:48-07:00,0,0
style.css,74,css,9c9bd82a,Bobz18,2026-04-09,17:40:48,-07:00,2026-04-09T17:40:48-07:00,0,9
style.css,75,css,9c9bd82a,Bobz18,2026-04-09,17:40:48,-07:00,2026-04-09T17:40:48-07:00,1,12
style.css,76,css,9c9bd82a,Bobz18,2026-04-09,17:40:48,-07:00,2026-04-09T17:40:48-07:00,1,58
style.css,77,css,9c9bd82a,Bobz18,2026-04-09,17:40:48,-07:00,2026-04-09T17:40:48-07:00,1,7
style.css,78,css,9c9bd82a,Bobz18,2026-04-09,17:40:48,-07:00,2026-04-09T17:40:48-07:00,0,0
style.css,79,css,9c9bd82a,Bobz18,2026-04-09,17:40:48,-07:00,2026-04-09T17:40:48-07:00,0,0
style.css,80,css,9c9bd82a,Bobz18,2026-04-09,17:40:48,-07:00,2026-04-09T17:40:48-07:00,0,17
style.css,81,css,9c9bd82a,Bobz18,2026-04-09,17:40:48,-07:00,2026-04-09T17:40:48-07:00,1,12
style.css,82,css,9c9bd82a,Bobz18,2026-04-09,17:40:48,-07:00,2026-04-09T17:40:48-07:00,1,26
style.css,83,css,9c9bd82a,Bobz18,2026-04-09,17:40:48,-07:00,2026-04-09T17:40:48-07:00,1,15
style.css,84,css,9c9bd82a,Bobz18,2026-04-09,17:40:48,-07:00,2026-04-09T17:40:48-07:00,1,7
style.css,85,css,9c9bd82a,Bobz18,2026-04-09,17:40:48,-07:00,2026-04-09T17:40:48-07:00,0,0
style.css,86,css,9c9bd82a,Bobz18,2026-04-09,17:40:48,-07:00,2026-04-09T17:40:48-07:00,0,0
style.css,87,css,9c9bd82a,Bobz18,2026-04-09,17:40:48,-07:00,2026-04-09T17:40:48-07:00,0,19
style.css,88,css,9c9bd82a,Bobz18,2026-04-09,17:40:48,-07:00,2026-04-09T17:40:48-07:00,1,8
style.css,89,css,9c9bd82a,Bobz18,2026-04-09,17:40:48,-07:00,2026-04-09T17:40:48-07:00,0,0
style.css,90,css,9c9bd82a,Bobz18,2026-04-09,17:40:48,-07:00,2026-04-09T17:40:48-07:00,0,0
style.css,91,css,9c9bd82a,Bobz18,2026-04-09,17:40:48,-07:00,2026-04-09T17:40:48-07:00,0,2
style.css,92,css,9c9bd82a,Bobz18,2026-04-09,17:40:48,-07:00,2026-04-09T17:40:48-07:00,1,14
style.css,93,css,9c9bd82a,Bobz18,2026-04-09,17:40:48,-07:00,2026-04-09T17:40:48-07:00,0,0
style.css,94,css,9c9bd82a,Bobz18,2026-04-09,17:40:48,-07:00,2026-04-09T17:40:48-07:00,0,0
style.css,95,css,9c9bd82a,Bobz18,2026-04-09,17:40:48,-07:00,2026-04-09T17:40:48-07:00,0,22
style.css,96,css,9c9bd82a,Bobz18,2026-04-09,17:40:48,-07:00,2026-04-09T17:40:48-07:00,1,15
style.css,97,css,9c9bd82a,Bobz18,2026-04-09,17:40:48,-07:00,2026-04-09T17:40:48-07:00,1,17
style.css,98,css,9c9bd82a,Bobz18,2026-04-09,17:40:48,-07:00,2026-04-09T17:40:48-07:00,0,0
style.css,99,css,9c9bd82a,Bobz18,2026-04-09,17:40:48,-07:00,2026-04-09T17:40:48-07:00,0,0
style.css,100,css,9c9bd82a,Bobz18,2026-04-09,17:40:48,-07:00,2026-04-09T17:40:48-07:00,0,6
style.css,101,css,9c9bd82a,Bobz18,2026-04-09,17:40:48,-07:00,2026-04-09T17:40:48-07:00,1,18
style.css,102,css,9c9bd82a,Bobz18,2026-04-09,17:40:48,-07:00,2026-04-09T17:40:48-07:00,0,0
style.css,103,css,9c9bd82a,Bobz18,2026-04-09,17:40:48,-07:00,2026-04-09T17:40:48-07:00,0,0
style.css,104,css,9c9bd82a,Bobz18,2026-04-09,17:40:48,-07:00,2026-04-09T17:40:48-07:00,0,8
style.css,105,css,9c9bd82a,Bobz18,2026-04-09,17:40:48,-07:00,2026-04-09T17:40:48-07:00,1,15
style.css,106,css,9c9bd82a,Bobz18,2026-04-09,17:40:48,-07:00,2026-04-09T17:40:48-07:00,0,0
style.css,107,css,9c9bd82a,Bobz18,2026-04-09,17:40:48,-07:00,2026-04-09T17:40:48-07:00,0,0
style.css,108,css,9c9bd82a,Bobz18,2026-04-09,17:40:48,-07:00,2026-04-09T17:40:48-07:00,0,7
style.css,109,css,9c9bd82a,Bobz18,2026-04-09,17:40:48,-07:00,2026-04-09T17:40:48-07:00,1,17
style.css,110,css,9c9bd82a,Bobz18,2026-04-09,17:40:48,-07:00,2026-04-09T17:40:48-07:00,0,0
style.css,111,css,9c9bd82a,Bobz18,2026-04-09,17:40:48,-07:00,2026-04-09T17:40:48-07:00,0,0
style.css,112,css,9c9bd82a,Bobz18,2026-04-09,17:40:48,-07:00,2026-04-09T17:40:48-07:00,0,10
style.css,113,css,9c9bd82a,Bobz18,2026-04-09,17:40:48,-07:00,2026-04-09T17:40:48-07:00,1,41
style.css,114,css,9c9bd82a,Bobz18,2026-04-09,17:40:48,-07:00,2026-04-09T17:40:48-07:00,1,21
style.css,115,css,9c9bd82a,Bobz18,2026-04-09,17:40:48,-07:00,2026-04-09T17:40:48-07:00,1,18
style.css,116,css,9c9bd82a,Bobz18,2026-04-09,17:40:48,-07:00,2026-04-09T17:40:48-07:00,0,0
style.css,117,css,9c9bd82a,Bobz18,2026-04-09,17:40:48,-07:00,2026-04-09T17:40:48-07:00,0,0
style.css,118,css,9c9bd82a,Bobz18,2026-04-09,17:40:48,-07:00,2026-04-09T17:40:48-07:00,0,7
style.css,119,css,9c9bd82a,Bobz18,2026-04-09,17:40:48,-07:00,2026-04-09T17:40:48-07:00,1,20
style.css,120,css,9c9bd82a,Bobz18,2026-04-09,17:40:48,-07:00,2026-04-09T17:40:48-07:00,0,0
style.css,121,css,9c9bd82a,Bobz18,2026-04-09,17:40:48,-07:00,2026-04-09T17:40:48-07:00,0,0
style.css,122,css,9c9bd82a,Bobz18,2026-04-09,17:40:48,-07:00,2026-04-09T17:40:48-07:00,0,10
style.css,123,css,9c9bd82a,Bobz18,2026-04-09,17:40:48,-07:00,2026-04-09T17:40:48-07:00,1,21
style.css,124,css,9c9bd82a,Bobz18,2026-04-09,17:40:48,-07:00,2026-04-09T17:40:48-07:00,0,0
style.css,125,css,9c9bd82a,Bobz18,2026-04-09,17:40:48,-07:00,2026-04-09T17:40:48-07:00,0,0
style.css,126,css,9c9bd82a,Bobz18,2026-04-09,17:40:48,-07:00,2026-04-09T17:40:48-07:00,0,9
style.css,127,css,9c9bd82a,Bobz18,2026-04-09,17:40:48,-07:00,2026-04-09T17:40:48-07:00,1,16
style.css,128,css,9c9bd82a,Bobz18,2026-04-09,17:40:48,-07:00,2026-04-09T17:40:48-07:00,0,0
style.css,129,css,9c9bd82a,Bobz18,2026-04-09,17:40:48,-07:00,2026-04-09T17:40:48-07:00,0,0
style.css,130,css,9c9bd82a,Bobz18,2026-04-09,17:40:48,-07:00,2026-04-09T17:40:48-07:00,0,14
style.css,131,css,9c9bd82a,Bobz18,2026-04-09,17:40:48,-07:00,2026-04-09T17:40:48-07:00,1,12
style.css,132,css,9c9bd82a,Bobz18,2026-04-09,17:40:48,-07:00,2026-04-09T17:40:48-07:00,1,29
style.css,133,css,9c9bd82a,Bobz18,2026-04-09,17:40:48,-07:00,2026-04-09T17:40:48-07:00,1,20
style.css,134,css,9c9bd82a,Bobz18,2026-04-09,17:40:48,-07:00,2026-04-09T17:40:48-07:00,1,8
style.css,135,css,9c9bd82a,Bobz18,2026-04-09,17:40:48,-07:00,2026-04-09T17:40:48-07:00,1,14
style.css,136,css,9c9bd82a,Bobz18,2026-04-09,17:40:48,-07:00,2026-04-09T17:40:48-07:00,0,0
style.css,137,css,9c9bd82a,Bobz18,2026-04-09,17:40:48,-07:00,2026-04-09T17:40:48-07:00,0,0
style.css,138,css,9c9bd82a,Bobz18,2026-04-09,17:40:48,-07:00,2026-04-09T17:40:48-07:00,0,17
style.css,139,css,9c9bd82a,Bobz18,2026-04-09,17:40:48,-07:00,2026-04-09T17:40:48-07:00,1,8
style.css,140,css,9c9bd82a,Bobz18,2026-04-09,17:40:48,-07:00,2026-04-09T17:40:48-07:00,0,0
style.css,141,css,9c9bd82a,Bobz18,2026-04-09,17:40:48,-07:00,2026-04-09T17:40:48-07:00,0,0
style.css,142,css,9c9bd82a,Bobz18,2026-04-09,17:40:48,-07:00,2026-04-09T17:40:48-07:00,0,16
style.css,143,css,9c9bd82a,Bobz18,2026-04-09,17:40:48,-07:00,2026-04-09T17:40:48-07:00,1,8
style.css,144,css,9c9bd82a,Bobz18,2026-04-09,17:40:48,-07:00,2026-04-09T17:40:48-07:00,0,0
style.css,145,css,9c9bd82a,Bobz18,2026-04-09,17:40:48,-07:00,2026-04-09T17:40:48-07:00,0,0
style.css,146,css,9c9bd82a,Bobz18,2026-04-09,17:40:48,-07:00,2026-04-09T17:40:48-07:00,0,4
style.css,147,css,9c9bd82a,Bobz18,2026-04-09,17:40:48,-07:00,2026-04-09T17:40:48-07:00,1,10
style.css,148,css,9c9bd82a,Bobz18,2026-04-09,17:40:48,-07:00,2026-04-09T17:40:48-07:00,1,17
style.css,149,css,9c9bd82a,Bobz18,2026-04-09,17:40:48,-07:00,2026-04-09T17:40:48-07:00,0,0
style.css,150,css,9c9bd82a,Bobz18,2026-04-09,17:40:48,-07:00,2026-04-09T17:40:48-07:00,0,0
style.css,151,css,9c9bd82a,Bobz18,2026-04-09,17:40:48,-07:00,2026-04-09T17:40:48-07:00,0,4
style.css,152,css,9c9bd82a,Bobz18,2026-04-09,17:40:48,-07:00,2026-04-09T17:40:48-07:00,1,10
style.css,153,css,9c9bd82a,Bobz18,2026-04-09,17:40:48,-07:00,2026-04-09T17:40:48-07:00,1,17
style.css,154,css,9c9bd82a,Bobz18,2026-04-09,17:40:48,-07:00,2026-04-09T17:40:48-07:00,0,0
style.css,155,css,9c9bd82a,Bobz18,2026-04-09,17:40:48,-07:00,2026-04-09T17:40:48-07:00,0,0
style.css,156,css,9c9bd82a,Bobz18,2026-04-09,17:40:48,-07:00,2026-04-09T17:40:48-07:00,0,10
style.css,157,css,9c9bd82a,Bobz18,2026-04-09,17:40:48,-07:00,2026-04-09T17:40:48-07:00,1,20
style.css,158,css,9c9bd82a,Bobz18,2026-04-09,17:40:48,-07:00,2026-04-09T17:40:48-07:00,0,0
style.css,159,css,9c9bd82a,Bobz18,2026-04-09,17:40:48,-07:00,2026-04-09T17:40:48-07:00,0,0
style.css,160,css,9c9bd82a,Bobz18,2026-04-09,17:40:48,-07:00,2026-04-09T17:40:48-07:00,0,10
style.css,161,css,9c9bd82a,Bobz18,2026-04-09,17:40:48,-07:00,2026-04-09T17:40:48-07:00,1,20
style.css,162,css,3d587f4b,Bobz18,2026-04-17,19:55:23,-07:00,2026-04-17T19:55:23-07:00,0,0
style.css,163,css,3d587f4b,Bobz18,2026-04-17,19:55:23,-07:00,2026-04-17T19:55:23-07:00,0,0
style.css,164,css,3d587f4b,Bobz18,2026-04-17,19:55:23,-07:00,2026-04-17T19:55:23-07:00,0,13
style.css,165,css,3d587f4b,Bobz18,2026-04-17,19:55:23,-07:00,2026-04-17T19:55:23-07:00,1,17
style.css,166,css,3d587f4b,Bobz18,2026-04-17,19:55:23,-07:00,2026-04-17T19:55:23-07:00,1,8
style.css,167,css,3d587f4b,Bobz18,2026-04-17,19:55:23,-07:00,2026-04-17T19:55:23-07:00,1,10
style.css,168,css,3d587f4b,Bobz18,2026-04-17,19:55:23,-07:00,2026-04-17T19:55:23-07:00,1,15
style.css,169,css,3d587f4b,Bobz18,2026-04-17,19:55:23,-07:00,2026-04-17T19:55:23-07:00,0,0
style.css,170,css,3d587f4b,Bobz18,2026-04-17,19:55:23,-07:00,2026-04-17T19:55:23-07:00,0,0
style.css,171,css,3d587f4b,Bobz18,2026-04-17,19:55:23,-07:00,2026-04-17T19:55:23-07:00,0,6
style.css,172,css,3d587f4b,Bobz18,2026-04-17,19:55:23,-07:00,2026-04-17T19:55:23-07:00,1,12
style.css,173,css,86988a62,Bobz18,2026-04-24,21:31:48,-07:00,2026-04-24T21:31:48-07:00,0,0
style.css,174,css,86988a62,Bobz18,2026-04-24,21:31:48,-07:00,2026-04-24T21:31:48-07:00,0,0
style.css,175,css,86988a62,Bobz18,2026-04-24,21:31:48,-07:00,2026-04-24T21:31:48-07:00,0,17
style.css,176,css,86988a62,Bobz18,2026-04-24,21:31:48,-07:00,2026-04-24T21:31:48-07:00,1,12
style.css,177,css,86988a62,Bobz18,2026-04-24,21:31:48,-07:00,2026-04-24T21:31:48-07:00,1,36
style.css,178,css,86988a62,Bobz18,2026-04-24,21:31:48,-07:00,2026-04-24T21:31:48-07:00,1,8
style.css,179,css,86988a62,Bobz18,2026-04-24,21:31:48,-07:00,2026-04-24T21:31:48-07:00,1,15
style.css,180,css,86988a62,Bobz18,2026-04-24,21:31:48,-07:00,2026-04-24T21:31:48-07:00,0,0
style.css,181,css,86988a62,Bobz18,2026-04-24,21:31:48,-07:00,2026-04-24T21:31:48-07:00,0,0
style.css,182,css,86988a62,Bobz18,2026-04-24,21:31:48,-07:00,2026-04-24T21:31:48-07:00,0,17
style.css,183,css,86988a62,Bobz18,2026-04-24,21:31:48,-07:00,2026-04-24T21:31:48-07:00,1,10
style.css,184,css,86988a62,Bobz18,2026-04-24,21:31:48,-07:00,2026-04-24T21:31:48-07:00,1,24
style.css,185,css,86988a62,Bobz18,2026-04-24,21:31:48,-07:00,2026-04-24T21:31:48-07:00,1,17
style.css,186,css,86988a62,Bobz18,2026-04-24,21:31:48,-07:00,2026-04-24T21:31:48-07:00,1,11
style.css,187,css,86988a62,Bobz18,2026-04-24,21:31:48,-07:00,2026-04-24T21:31:48-07:00,1,20
style.css,188,css,86988a62,Bobz18,2026-04-24,21:31:48,-07:00,2026-04-24T21:31:48-07:00,0,0
style.css,189,css,86988a62,Bobz18,2026-04-24,21:31:48,-07:00,2026-04-24T21:31:48-07:00,0,0
style.css,190,css,86988a62,Bobz18,2026-04-24,21:31:48,-07:00,2026-04-24T21:31:48-07:00,0,17
style.css,191,css,86988a62,Bobz18,2026-04-24,21:31:48,-07:00,2026-04-24T21:31:48-07:00,1,10
style.css,192,css,86988a62,Bobz18,2026-04-24,21:31:48,-07:00,2026-04-24T21:31:48-07:00,1,8
style.css,193,css,86988a62,Bobz18,2026-04-24,21:31:48,-07:00,2026-04-24T21:31:48-07:00,1,14
style.css,194,css,86988a62,Bobz18,2026-04-24,21:31:48,-07:00,2026-04-24T21:31:48-07:00,1,15
style.css,195,css,9e83c78c,Bobz18,2026-04-28,17:39:21,-07:00,2026-04-28T17:39:21-07:00,0,0
style.css,196,css,9e83c78c,Bobz18,2026-04-28,17:39:21,-07:00,2026-04-28T17:39:21-07:00,0,0
style.css,197,css,9e83c78c,Bobz18,2026-04-28,17:39:21,-07:00,2026-04-28T17:39:21-07:00,0,18
style.css,198,css,9e83c78c,Bobz18,2026-04-28,17:39:21,-07:00,2026-04-28T17:39:21-07:00,1,14
style.css,199,css,9e83c78c,Bobz18,2026-04-28,17:39:21,-07:00,2026-04-28T17:39:21-07:00,0,0
style.css,200,css,9e83c78c,Bobz18,2026-04-28,17:39:21,-07:00,2026-04-28T17:39:21-07:00,1,17
style.css,201,css,9e83c78c,Bobz18,2026-04-28,17:39:21,-07:00,2026-04-28T17:39:21-07:00,2,16
style.css,202,css,9e83c78c,Bobz18,2026-04-28,17:39:21,-07:00,2026-04-28T17:39:21-07:00,3,11
style.css,203,css,9e83c78c,Bobz18,2026-04-28,17:39:21,-07:00,2026-04-28T17:39:21-07:00,2,0
style.css,204,css,9e83c78c,Bobz18,2026-04-28,17:39:21,-07:00,2026-04-28T17:39:21-07:00,1,0
style.css,205,css,9e83c78c,Bobz18,2026-04-28,17:39:21,-07:00,2026-04-28T17:39:21-07:00,0,0
style.css,206,css,9e83c78c,Bobz18,2026-04-28,17:39:21,-07:00,2026-04-28T17:39:21-07:00,1,4
style.css,207,css,9e83c78c,Bobz18,2026-04-28,17:39:21,-07:00,2026-04-28T17:39:21-07:00,2,16
style.css,208,css,9e83c78c,Bobz18,2026-04-28,17:39:21,-07:00,2026-04-28T17:39:21-07:00,1,0
style.css,209,css,9e83c78c,Bobz18,2026-04-28,17:39:21,-07:00,2026-04-28T17:39:21-07:00,0,0
style.css,210,css,9e83c78c,Bobz18,2026-04-28,17:39:21,-07:00,2026-04-28T17:39:21-07:00,0,0
style.css,211,css,9e83c78c,Bobz18,2026-04-28,17:39:21,-07:00,2026-04-28T17:39:21-07:00,0,9
style.css,212,css,9e83c78c,Bobz18,2026-04-28,17:39:21,-07:00,2026-04-28T17:39:21-07:00,1,35
style.css,213,css,9e83c78c,Bobz18,2026-04-28,17:39:21,-07:00,2026-04-28T17:39:21-07:00,0,0
style.css,214,css,9e83c78c,Bobz18,2026-04-28,17:39:21,-07:00,2026-04-28T17:39:21-07:00,1,10
style.css,215,css,9e83c78c,Bobz18,2026-04-28,17:39:21,-07:00,2026-04-28T17:39:21-07:00,2,17
style.css,216,css,9e83c78c,Bobz18,2026-04-28,17:39:21,-07:00,2026-04-28T17:39:21-07:00,1,0
style.css,217,css,9e83c78c,Bobz18,2026-04-28,17:39:21,-07:00,2026-04-28T17:39:21-07:00,0,0
style.css,218,css,9e83c78c,Bobz18,2026-04-28,17:39:21,-07:00,2026-04-28T17:39:21-07:00,0,0
style.css,219,css,9e83c78c,Bobz18,2026-04-28,17:39:21,-07:00,2026-04-28T17:39:21-07:00,0,0
style.css,220,css,9e83c78c,Bobz18,2026-04-28,17:39:21,-07:00,2026-04-28T17:39:21-07:00,0,6
style.css,221,css,9e83c78c,Bobz18,2026-04-28,17:39:21,-07:00,2026-04-28T17:39:21-07:00,1,15
style.css,222,css,9e83c78c,Bobz18,2026-04-28,17:39:21,-07:00,2026-04-28T17:39:21-07:00,1,12
style.css,223,css,9e83c78c,Bobz18,2026-04-28,17:39:21,-07:00,2026-04-28T17:39:21-07:00,1,13
style.css,224,css,9e83c78c,Bobz18,2026-04-28,17:39:21,-07:00,2026-04-28T17:39:21-07:00,1,21
style.css,225,css,9e83c78c,Bobz18,2026-04-28,17:39:21,-07:00,2026-04-28T17:39:21-07:00,0,0
style.css,226,css,9e83c78c,Bobz18,2026-04-28,17:39:21,-07:00,2026-04-28T17:39:21-07:00,1,11
style.css,227,css,9e83c78c,Bobz18,2026-04-28,17:39:21,-07:00,2026-04-28T17:39:21-07:00,1,55
style.css,228,css,9e83c78c,Bobz18,2026-04-28,17:39:21,-07:00,2026-04-28T17:39:21-07:00,1,7
style.css,229,css,9e83c78c,Bobz18,2026-04-28,17:39:21,-07:00,2026-04-28T17:39:21-07:00,0,0
style.css,230,css,9e83c78c,Bobz18,2026-04-28,17:39:21,-07:00,2026-04-28T17:39:21-07:00,0,0
style.css,231,css,9e83c78c,Bobz18,2026-04-28,17:39:21,-07:00,2026-04-28T17:39:21-07:00,0,9
style.css,232,css,9e83c78c,Bobz18,2026-04-28,17:39:21,-07:00,2026-04-28T17:39:21-07:00,1,11
style.css,233,css,9e83c78c,Bobz18,2026-04-28,17:39:21,-07:00,2026-04-28T17:39:21-07:00,1,17
style.css,234,css,9e83c78c,Bobz18,2026-04-28,17:39:21,-07:00,2026-04-28T17:39:21-07:00,1,8
style.css,235,css,9e83c78c,Bobz18,2026-04-28,17:39:21,-07:00,2026-04-28T17:39:21-07:00,0,0
style.css,236,css,9e83c78c,Bobz18,2026-04-28,17:39:21,-07:00,2026-04-28T17:39:21-07:00,0,0
style.css,237,css,9e83c78c,Bobz18,2026-04-28,17:39:21,-07:00,2026-04-28T17:39:21-07:00,0,6
style.css,238,css,9e83c78c,Bobz18,2026-04-28,17:39:21,-07:00,2026-04-28T17:39:21-07:00,1,19
style.css,239,css,9e83c78c,Bobz18,2026-04-28,17:39:21,-07:00,2026-04-28T17:39:21-07:00,1,8
style.css,240,css,9e83c78c,Bobz18,2026-04-28,17:39:21,-07:00,2026-04-28T17:39:21-07:00,1,9
style.css,241,css,9e83c78c,Bobz18,2026-04-28,17:39:21,-07:00,2026-04-28T17:39:21-07:00,1,23
style.css,242,css,9e83c78c,Bobz18,2026-04-28,17:39:21,-07:00,2026-04-28T17:39:21-07:00,1,16
style.css,243,css,9e83c78c,Bobz18,2026-04-28,17:39:21,-07:00,2026-04-28T17:39:21-07:00,0,0
style.css,244,css,9e83c78c,Bobz18,2026-04-28,17:39:21,-07:00,2026-04-28T17:39:21-07:00,0,0
style.css,245,css,9e83c78c,Bobz18,2026-04-28,17:39:21,-07:00,2026-04-28T17:39:21-07:00,0,9
style.css,246,css,9e83c78c,Bobz18,2026-04-28,17:39:21,-07:00,2026-04-28T17:39:21-07:00,1,11
style.css,247,css,9e83c78c,Bobz18,2026-04-28,17:39:21,-07:00,2026-04-28T17:39:21-07:00,1,17
style.css,248,css,9e83c78c,Bobz18,2026-04-28,17:39:21,-07:00,2026-04-28T17:39:21-07:00,1,7
style.css,249,css,9e83c78c,Bobz18,2026-04-28,17:39:21,-07:00,2026-04-28T17:39:21-07:00,0,0
style.css,250,css,9e83c78c,Bobz18,2026-04-28,17:39:21,-07:00,2026-04-28T17:39:21-07:00,0,0
style.css,251,css,9e83c78c,Bobz18,2026-04-28,17:39:21,-07:00,2026-04-28T17:39:21-07:00,0,6
style.css,252,css,9e83c78c,Bobz18,2026-04-28,17:39:21,-07:00,2026-04-28T17:39:21-07:00,1,5
style.css,253,css,9e83c78c,Bobz18,2026-04-28,17:39:21,-07:00,2026-04-28T17:39:21-07:00,0,0
style.css,254,css,9e83c78c,Bobz18,2026-04-28,17:39:21,-07:00,2026-04-28T17:39:21-07:00,0,0
style.css,255,css,9e83c78c,Bobz18,2026-04-28,17:39:21,-07:00,2026-04-28T17:39:21-07:00,0,4
style.css,256,css,9e83c78c,Bobz18,2026-04-28,17:39:21,-07:00,2026-04-28T17:39:21-07:00,1,14
style.css,257,css,9e83c78c,Bobz18,2026-04-28,17:39:21,-07:00,2026-04-28T17:39:21-07:00,0,0
style.css,258,css,9e83c78c,Bobz18,2026-04-28,17:39:21,-07:00,2026-04-28T17:39:21-07:00,0,0
index.js,1,js,86988a62,Bobz18,2026-04-24,21:31:48,-07:00,2026-04-24T21:31:48-07:00,0,71
index.js,2,js,86988a62,Bobz18,2026-04-24,21:31:48,-07:00,2026-04-24T21:31:48-07:00,0,0
index.js,3,js,86988a62,Bobz18,2026-04-24,21:31:48,-07:00,2026-04-24T21:31:48-07:00,0,54
index.js,4,js,86988a62,Bobz18,2026-04-24,21:31:48,-07:00,2026-04-24T21:31:48-07:00,0,42
index.js,5,js,86988a62,Bobz18,2026-04-24,21:31:48,-07:00,2026-04-24T21:31:48-07:00,0,0
index.js,6,js,86988a62,Bobz18,2026-04-24,21:31:48,-07:00,2026-04-24T21:31:48-07:00,0,60
index.js,7,js,86988a62,Bobz18,2026-04-24,21:31:48,-07:00,2026-04-24T21:31:48-07:00,0,54
index.js,8,js,86988a62,Bobz18,2026-04-24,21:31:48,-07:00,2026-04-24T21:31:48-07:00,0,0
index.js,9,js,86988a62,Bobz18,2026-04-24,21:31:48,-07:00,2026-04-24T21:31:48-07:00,0,49
index.js,10,js,86988a62,Bobz18,2026-04-24,21:31:48,-07:00,2026-04-24T21:31:48-07:00,0,22
index.js,11,js,86988a62,Bobz18,2026-04-24,21:31:48,-07:00,2026-04-24T21:31:48-07:00,0,0
index.js,12,js,86988a62,Bobz18,2026-04-24,21:31:48,-07:00,2026-04-24T21:31:48-07:00,0,60
index.js,13,js,86988a62,Bobz18,2026-04-24,21:31:48,-07:00,2026-04-24T21:31:48-07:00,0,17
index.js,14,js,86988a62,Bobz18,2026-04-24,21:31:48,-07:00,2026-04-24T21:31:48-07:00,1,24
index.js,15,js,86988a62,Bobz18,2026-04-24,21:31:48,-07:00,2026-04-24T21:31:48-07:00,4,2
index.js,16,js,86988a62,Bobz18,2026-04-24,21:31:48,-07:00,2026-04-24T21:31:48-07:00,5,55
index.js,17,js,86988a62,Bobz18,2026-04-24,21:31:48,-07:00,2026-04-24T21:31:48-07:00,5,55
index.js,18,js,86988a62,Bobz18,2026-04-24,21:31:48,-07:00,2026-04-24T21:31:48-07:00,5,49
index.js,19,js,86988a62,Bobz18,2026-04-24,21:31:48,-07:00,2026-04-24T21:31:48-07:00,5,49
index.js,20,js,86988a62,Bobz18,2026-04-24,21:31:48,-07:00,2026-04-24T21:31:48-07:00,4,3
index.js,21,js,86988a62,Bobz18,2026-04-24,21:31:48,-07:00,2026-04-24T21:31:48-07:00,2,0
index.js,22,js,86988a62,Bobz18,2026-04-24,21:31:48,-07:00,2026-04-24T21:31:48-07:00,0,0
index.html,1,html,1db60852,Bobz18,2026-04-03,18:00:53,-07:00,2026-04-03T18:00:53-07:00,0,13
index.html,2,html,1db60852,Bobz18,2026-04-03,18:00:53,-07:00,2026-04-03T18:00:53-07:00,0,14
index.html,3,html,1db60852,Bobz18,2026-04-03,18:00:53,-07:00,2026-04-03T18:00:53-07:00,0,4
index.html,4,html,1db60852,Bobz18,2026-04-03,18:00:53,-07:00,2026-04-03T18:00:53-07:00,2,20
index.html,5,html,1db60852,Bobz18,2026-04-03,18:00:53,-07:00,2026-04-03T18:00:53-07:00,2,68
index.html,6,html,1db60852,Bobz18,2026-04-03,18:00:53,-07:00,2026-04-03T18:00:53-07:00,2,52
index.html,7,html,ee00bf08,Bobz18,2026-04-03,18:20:02,-07:00,2026-04-03T18:20:02-07:00,2,38
index.html,8,html,3d587f4b,Bobz18,2026-04-17,19:55:23,-07:00,2026-04-17T19:55:23-07:00,2,0
index.html,9,html,1db60852,Bobz18,2026-04-03,18:00:53,-07:00,2026-04-03T18:00:53-07:00,0,5
index.html,10,html,1db60852,Bobz18,2026-04-03,18:00:53,-07:00,2026-04-03T18:00:53-07:00,0,4
index.html,11,html,1db60852,Bobz18,2026-04-03,18:00:53,-07:00,2026-04-03T18:00:53-07:00,2,17
index.html,12,html,1db60852,Bobz18,2026-04-03,18:00:53,-07:00,2026-04-03T18:00:53-07:00,4,58
index.html,13,html,ba43f801,Bobz18,2026-04-03,19:20:58,-07:00,2026-04-03T19:20:58-07:00,6,65
index.html,14,html,ba43f801,Bobz18,2026-04-03,19:20:58,-07:00,2026-04-03T19:20:58-07:00,6,64
index.html,15,html,ba43f801,Bobz18,2026-04-03,19:20:58,-07:00,2026-04-03T19:20:58-07:00,6,41
index.html,16,html,1db60852,Bobz18,2026-04-03,18:00:53,-07:00,2026-04-03T18:00:53-07:00,4,2
index.html,17,html,ee00bf08,Bobz18,2026-04-03,18:20:02,-07:00,2026-04-03T18:20:02-07:00,4,57
index.html,18,html,271eb969,Bobz18,2026-04-03,18:17:27,-07:00,2026-04-03T18:17:27-07:00,4,37
index.html,19,html,271eb969,Bobz18,2026-04-03,18:17:27,-07:00,2026-04-03T18:17:27-07:00,4,2
index.html,20,html,86988a62,Bobz18,2026-04-24,21:31:48,-07:00,2026-04-24T21:31:48-07:00,4,22
index.html,21,html,86988a62,Bobz18,2026-04-24,21:31:48,-07:00,2026-04-24T21:31:48-07:00,4,26
index.html,22,html,86988a62,Bobz18,2026-04-24,21:31:48,-07:00,2026-04-24T21:31:48-07:00,0,0
index.html,23,html,86988a62,Bobz18,2026-04-24,21:31:48,-07:00,2026-04-24T21:31:48-07:00,4,19
index.html,24,html,86988a62,Bobz18,2026-04-24,21:31:48,-07:00,2026-04-24T21:31:48-07:00,4,28
index.html,25,html,86988a62,Bobz18,2026-04-24,21:31:48,-07:00,2026-04-24T21:31:48-07:00,4,0
index.html,26,html,86988a62,Bobz18,2026-04-24,21:31:48,-07:00,2026-04-24T21:31:48-07:00,4,50
index.html,27,html,3d587f4b,Bobz18,2026-04-17,19:55:23,-07:00,2026-04-17T19:55:23-07:00,4,45
index.html,28,html,1db60852,Bobz18,2026-04-03,18:00:53,-07:00,2026-04-03T18:00:53-07:00,0,5
index.html,29,html,1db60852,Bobz18,2026-04-03,18:00:53,-07:00,2026-04-03T18:00:53-07:00,0,5
global.js,1,js,3d587f4b,Bobz18,2026-04-17,19:55:23,-07:00,2026-04-17T19:55:23-07:00,0,25
global.js,2,js,3d587f4b,Bobz18,2026-04-17,19:55:23,-07:00,2026-04-17T19:55:23-07:00,0,0
global.js,3,js,3d587f4b,Bobz18,2026-04-17,19:55:23,-07:00,2026-04-17T19:55:23-07:00,0,16
global.js,4,js,3d587f4b,Bobz18,2026-04-17,19:55:23,-07:00,2026-04-17T19:55:23-07:00,0,41
global.js,5,js,3d587f4b,Bobz18,2026-04-17,19:55:23,-07:00,2026-04-17T19:55:23-07:00,1,52
global.js,6,js,3d587f4b,Bobz18,2026-04-17,19:55:23,-07:00,2026-04-17T19:55:23-07:00,0,0
global.js,7,js,3d587f4b,Bobz18,2026-04-17,19:55:23,-07:00,2026-04-17T19:55:23-07:00,0,0
global.js,8,js,3d587f4b,Bobz18,2026-04-17,19:55:23,-07:00,2026-04-17T19:55:23-07:00,0,11
global.js,9,js,3d587f4b,Bobz18,2026-04-17,19:55:23,-07:00,2026-04-17T19:55:23-07:00,0,11
global.js,10,js,3d587f4b,Bobz18,2026-04-17,19:55:23,-07:00,2026-04-17T19:55:23-07:00,1,25
global.js,11,js,3d587f4b,Bobz18,2026-04-17,19:55:23,-07:00,2026-04-17T19:55:23-07:00,1,38
global.js,12,js,3d587f4b,Bobz18,2026-04-17,19:55:23,-07:00,2026-04-17T19:55:23-07:00,1,36
global.js,13,js,3d587f4b,Bobz18,2026-04-17,19:55:23,-07:00,2026-04-17T19:55:23-07:00,1,34
global.js,14,js,00000000,Not Committed Yet,2026-05-08,21:08:33,-07:00,2026-05-08T21:08:33-07:00,1,31
global.js,15,js,3d587f4b,Bobz18,2026-04-17,19:55:23,-07:00,2026-04-17T19:55:23-07:00,1,51
global.js,16,js,3d587f4b,Bobz18,2026-04-17,19:55:23,-07:00,2026-04-17T19:55:23-07:00,0,0
global.js,17,js,3d587f4b,Bobz18,2026-04-17,19:55:23,-07:00,2026-04-17T19:55:23-07:00,0,0
global.js,18,js,3d587f4b,Bobz18,2026-04-17,19:55:23,-07:00,2026-04-17T19:55:23-07:00,0,19
global.js,19,js,3d587f4b,Bobz18,2026-04-17,19:55:23,-07:00,2026-04-17T19:55:23-07:00,0,31
global.js,20,js,3d587f4b,Bobz18,2026-04-17,19:55:23,-07:00,2026-04-17T19:55:23-07:00,1,11
global.js,21,js,3d587f4b,Bobz18,2026-04-17,19:55:23,-07:00,2026-04-17T19:55:23-07:00,1,0
global.js,22,js,3d587f4b,Bobz18,2026-04-17,19:55:23,-07:00,2026-04-17T19:55:23-07:00,1,26
global.js,23,js,3d587f4b,Bobz18,2026-04-17,19:55:23,-07:00,2026-04-17T19:55:23-07:00,2,4
global.js,24,js,3d587f4b,Bobz18,2026-04-17,19:55:23,-07:00,2026-04-17T19:55:23-07:00,2,6
global.js,25,js,3d587f4b,Bobz18,2026-04-17,19:55:23,-07:00,2026-04-17T19:55:23-07:00,3,43
global.js,26,js,3d587f4b,Bobz18,2026-04-17,19:55:23,-07:00,2026-04-17T19:55:23-07:00,3,34
global.js,27,js,3d587f4b,Bobz18,2026-04-17,19:55:23,-07:00,2026-04-17T19:55:23-07:00,3,32
global.js,28,js,3d587f4b,Bobz18,2026-04-17,19:55:23,-07:00,2026-04-17T19:55:23-07:00,2,7
global.js,29,js,3d587f4b,Bobz18,2026-04-17,19:55:23,-07:00,2026-04-17T19:55:23-07:00,1,6
global.js,30,js,3d587f4b,Bobz18,2026-04-17,19:55:23,-07:00,2026-04-17T19:55:23-07:00,1,0
global.js,31,js,3d587f4b,Bobz18,2026-04-17,19:55:23,-07:00,2026-04-17T19:55:23-07:00,0,0
global.js,32,js,3d587f4b,Bobz18,2026-04-17,19:55:23,-07:00,2026-04-17T19:55:23-07:00,0,38
global.js,33,js,3d587f4b,Bobz18,2026-04-17,19:55:23,-07:00,2026-04-17T19:55:23-07:00,0,25
global.js,34,js,3d587f4b,Bobz18,2026-04-17,19:55:23,-07:00,2026-04-17T19:55:23-07:00,0,0
global.js,35,js,3d587f4b,Bobz18,2026-04-17,19:55:23,-07:00,2026-04-17T19:55:23-07:00,0,17
global.js,36,js,3d587f4b,Bobz18,2026-04-17,19:55:23,-07:00,2026-04-17T19:55:23-07:00,0,15
global.js,37,js,3d587f4b,Bobz18,2026-04-17,19:55:23,-07:00,2026-04-17T19:55:23-07:00,1,70
global.js,38,js,3d587f4b,Bobz18,2026-04-17,19:55:23,-07:00,2026-04-17T19:55:23-07:00,2,3
global.js,39,js,3d587f4b,Bobz18,2026-04-17,19:55:23,-07:00,2026-04-17T19:55:23-07:00,2,14
global.js,40,js,3d587f4b,Bobz18,2026-04-17,19:55:23,-07:00,2026-04-17T19:55:23-07:00,0,0
global.js,41,js,3d587f4b,Bobz18,2026-04-17,19:55:23,-07:00,2026-04-17T19:55:23-07:00,0,13
global.js,42,js,3d587f4b,Bobz18,2026-04-17,19:55:23,-07:00,2026-04-17T19:55:23-07:00,0,20
global.js,43,js,3d587f4b,Bobz18,2026-04-17,19:55:23,-07:00,2026-04-17T19:55:23-07:00,1,14
global.js,44,js,3d587f4b,Bobz18,2026-04-17,19:55:23,-07:00,2026-04-17T19:55:23-07:00,1,18
global.js,45,js,3d587f4b,Bobz18,2026-04-17,19:55:23,-07:00,2026-04-17T19:55:23-07:00,0,0
global.js,46,js,3d587f4b,Bobz18,2026-04-17,19:55:23,-07:00,2026-04-17T19:55:23-07:00,1,18
global.js,47,js,3d587f4b,Bobz18,2026-04-17,19:55:23,-07:00,2026-04-17T19:55:23-07:00,1,52
global.js,48,js,3d587f4b,Bobz18,2026-04-17,19:55:23,-07:00,2026-04-17T19:55:23-07:00,0,0
global.js,49,js,3d587f4b,Bobz18,2026-04-17,19:55:23,-07:00,2026-04-17T19:55:23-07:00,1,34
global.js,50,js,3d587f4b,Bobz18,2026-04-17,19:55:23,-07:00,2026-04-17T19:55:23-07:00,2,11
global.js,51,js,3d587f4b,Bobz18,2026-04-17,19:55:23,-07:00,2026-04-17T19:55:23-07:00,2,20
global.js,52,js,3d587f4b,Bobz18,2026-04-17,19:55:23,-07:00,2026-04-17T19:55:23-07:00,0,0
global.js,53,js,3d587f4b,Bobz18,2026-04-17,19:55:23,-07:00,2026-04-17T19:55:23-07:00,2,23
global.js,54,js,3d587f4b,Bobz18,2026-04-17,19:55:23,-07:00,2026-04-17T19:55:23-07:00,2,65
global.js,55,js,3d587f4b,Bobz18,2026-04-17,19:55:23,-07:00,2026-04-17T19:55:23-07:00,4,25
global.js,56,js,3d587f4b,Bobz18,2026-04-17,19:55:23,-07:00,2026-04-17T19:55:23-07:00,2,0
global.js,57,js,3d587f4b,Bobz18,2026-04-17,19:55:23,-07:00,2026-04-17T19:55:23-07:00,0,0
global.js,58,js,3d587f4b,Bobz18,2026-04-17,19:55:23,-07:00,2026-04-17T19:55:23-07:00,2,33
global.js,59,js,3d587f4b,Bobz18,2026-04-17,19:55:23,-07:00,2026-04-17T19:55:23-07:00,2,29
global.js,60,js,3d587f4b,Bobz18,2026-04-17,19:55:23,-07:00,2026-04-17T19:55:23-07:00,4,18
global.js,61,js,3d587f4b,Bobz18,2026-04-17,19:55:23,-07:00,2026-04-17T19:55:23-07:00,2,0
global.js,62,js,3d587f4b,Bobz18,2026-04-17,19:55:23,-07:00,2026-04-17T19:55:23-07:00,0,0
global.js,63,js,3d587f4b,Bobz18,2026-04-17,19:55:23,-07:00,2026-04-17T19:55:23-07:00,2,12
global.js,64,js,3d587f4b,Bobz18,2026-04-17,19:55:23,-07:00,2026-04-17T19:55:23-07:00,0,0
global.js,65,js,3d587f4b,Bobz18,2026-04-17,19:55:23,-07:00,2026-04-17T19:55:23-07:00,0,0
global.js,66,js,3d587f4b,Bobz18,2026-04-17,19:55:23,-07:00,2026-04-17T19:55:23-07:00,0,58
global.js,67,js,3d587f4b,Bobz18,2026-04-17,19:55:23,-07:00,2026-04-17T19:55:23-07:00,0,0
global.js,68,js,3d587f4b,Bobz18,2026-04-17,19:55:23,-07:00,2026-04-17T19:55:23-07:00,0,49
global.js,69,js,3d587f4b,Bobz18,2026-04-17,19:55:23,-07:00,2026-04-17T19:55:23-07:00,1,29
global.js,70,js,3d587f4b,Bobz18,2026-04-17,19:55:23,-07:00,2026-04-17T19:55:23-07:00,0,0
global.js,71,js,3d587f4b,Bobz18,2026-04-17,19:55:23,-07:00,2026-04-17T19:55:23-07:00,1,64
global.js,72,js,3d587f4b,Bobz18,2026-04-17,19:55:23,-07:00,2026-04-17T19:55:23-07:00,0,0
global.js,73,js,3d587f4b,Bobz18,2026-04-17,19:55:23,-07:00,2026-04-17T19:55:23-07:00,1,16
global.js,74,js,3d587f4b,Bobz18,2026-04-17,19:55:23,-07:00,2026-04-17T19:55:23-07:00,1,31
global.js,75,js,3d587f4b,Bobz18,2026-04-17,19:55:23,-07:00,2026-04-17T19:55:23-07:00,0,1
global.js,76,js,3d587f4b,Bobz18,2026-04-17,19:55:23,-07:00,2026-04-17T19:55:23-07:00,0,34
global.js,77,js,3d587f4b,Bobz18,2026-04-17,19:55:23,-07:00,2026-04-17T19:55:23-07:00,1,35
global.js,78,js,3d587f4b,Bobz18,2026-04-17,19:55:23,-07:00,2026-04-17T19:55:23-07:00,0,0
global.js,79,js,3d587f4b,Bobz18,2026-04-17,19:55:23,-07:00,2026-04-17T19:55:23-07:00,1,64
global.js,80,js,3d587f4b,Bobz18,2026-04-17,19:55:23,-07:00,2026-04-17T19:55:23-07:00,0,0
global.js,81,js,3d587f4b,Bobz18,2026-04-17,19:55:23,-07:00,2026-04-17T19:55:23-07:00,1,19
global.js,82,js,86988a62,Bobz18,2026-04-24,21:31:48,-07:00,2026-04-24T21:31:48-07:00,0,0
global.js,83,js,86988a62,Bobz18,2026-04-24,21:31:48,-07:00,2026-04-24T21:31:48-07:00,0,0
global.js,84,js,86988a62,Bobz18,2026-04-24,21:31:48,-07:00,2026-04-24T21:31:48-07:00,0,36
global.js,85,js,86988a62,Bobz18,2026-04-24,21:31:48,-07:00,2026-04-24T21:31:48-07:00,1,3
global.js,86,js,86988a62,Bobz18,2026-04-24,21:31:48,-07:00,2026-04-24T21:31:48-07:00,2,39
global.js,87,js,86988a62,Bobz18,2026-04-24,21:31:48,-07:00,2026-04-24T21:31:48-07:00,2,32
global.js,88,js,86988a62,Bobz18,2026-04-24,21:31:48,-07:00,2026-04-24T21:31:48-07:00,0,0
global.js,89,js,86988a62,Bobz18,2026-04-24,21:31:48,-07:00,2026-04-24T21:31:48-07:00,2,17
global.js,90,js,86988a62,Bobz18,2026-04-24,21:31:48,-07:00,2026-04-24T21:31:48-07:00,3,66
global.js,91,js,86988a62,Bobz18,2026-04-24,21:31:48,-07:00,2026-04-24T21:31:48-07:00,2,0
global.js,92,js,86988a62,Bobz18,2026-04-24,21:31:48,-07:00,2026-04-24T21:31:48-07:00,0,0
global.js,93,js,86988a62,Bobz18,2026-04-24,21:31:48,-07:00,2026-04-24T21:31:48-07:00,2,33
global.js,94,js,86988a62,Bobz18,2026-04-24,21:31:48,-07:00,2026-04-24T21:31:48-07:00,2,10
global.js,95,js,86988a62,Bobz18,2026-04-24,21:31:48,-07:00,2026-04-24T21:31:48-07:00,0,0
global.js,96,js,86988a62,Bobz18,2026-04-24,21:31:48,-07:00,2026-04-24T21:31:48-07:00,1,15
global.js,97,js,86988a62,Bobz18,2026-04-24,21:31:48,-07:00,2026-04-24T21:31:48-07:00,2,59
global.js,98,js,86988a62,Bobz18,2026-04-24,21:31:48,-07:00,2026-04-24T21:31:48-07:00,1,0
global.js,99,js,86988a62,Bobz18,2026-04-24,21:31:48,-07:00,2026-04-24T21:31:48-07:00,0,0
global.js,100,js,86988a62,Bobz18,2026-04-24,21:31:48,-07:00,2026-04-24T21:31:48-07:00,0,0
global.js,101,js,86988a62,Bobz18,2026-04-24,21:31:48,-07:00,2026-04-24T21:31:48-07:00,0,79
global.js,102,js,86988a62,Bobz18,2026-04-24,21:31:48,-07:00,2026-04-24T21:31:48-07:00,1,30
global.js,103,js,86988a62,Bobz18,2026-04-24,21:31:48,-07:00,2026-04-24T21:31:48-07:00,1,29
global.js,104,js,86988a62,Bobz18,2026-04-24,21:31:48,-07:00,2026-04-24T21:31:48-07:00,0,0
global.js,105,js,86988a62,Bobz18,2026-04-24,21:31:48,-07:00,2026-04-24T21:31:48-07:00,2,48
global.js,106,js,86988a62,Bobz18,2026-04-24,21:31:48,-07:00,2026-04-24T21:31:48-07:00,0,0
global.js,107,js,86988a62,Bobz18,2026-04-24,21:31:48,-07:00,2026-04-24T21:31:48-07:00,2,19
global.js,108,js,86988a62,Bobz18,2026-04-24,21:31:48,-07:00,2026-04-24T21:31:48-07:00,3,49
global.js,109,js,86988a62,Bobz18,2026-04-24,21:31:48,-07:00,2026-04-24T21:31:48-07:00,3,49
global.js,110,js,9e83c78c,Bobz18,2026-04-28,17:39:21,-07:00,2026-04-28T17:39:21-07:00,3,3
global.js,111,js,86988a62,Bobz18,2026-04-24,21:31:48,-07:00,2026-04-24T21:31:48-07:00,3,27
global.js,112,js,9e83c78c,Bobz18,2026-04-28,17:39:21,-07:00,2026-04-28T17:39:21-07:00,3,41
global.js,113,js,9e83c78c,Bobz18,2026-04-28,17:39:21,-07:00,2026-04-28T17:39:21-07:00,3,4
global.js,114,js,86988a62,Bobz18,2026-04-24,21:31:48,-07:00,2026-04-24T21:31:48-07:00,2,0
global.js,115,js,86988a62,Bobz18,2026-04-24,21:31:48,-07:00,2026-04-24T21:31:48-07:00,0,0
global.js,116,js,86988a62,Bobz18,2026-04-24,21:31:48,-07:00,2026-04-24T21:31:48-07:00,2,36
global.js,117,js,86988a62,Bobz18,2026-04-24,21:31:48,-07:00,2026-04-24T21:31:48-07:00,1,0
global.js,118,js,86988a62,Bobz18,2026-04-24,21:31:48,-07:00,2026-04-24T21:31:48-07:00,0,0
global.js,119,js,86988a62,Bobz18,2026-04-24,21:31:48,-07:00,2026-04-24T21:31:48-07:00,0,0
global.js,120,js,86988a62,Bobz18,2026-04-24,21:31:48,-07:00,2026-04-24T21:31:48-07:00,0,47
global.js,121,js,86988a62,Bobz18,2026-04-24,21:31:48,-07:00,2026-04-24T21:31:48-07:00,1,59
global.js,122,js,3d587f4b,Bobz18,2026-04-17,19:55:23,-07:00,2026-04-17T19:55:23-07:00,0,0
resume/index.html,1,html,1e262410,Bobz18,2026-04-03,19:07:14,-07:00,2026-04-03T19:07:14-07:00,0,13
resume/index.html,2,html,1e262410,Bobz18,2026-04-03,19:07:14,-07:00,2026-04-03T19:07:14-07:00,0,14
resume/index.html,3,html,1e262410,Bobz18,2026-04-03,19:07:14,-07:00,2026-04-03T19:07:14-07:00,0,4
resume/index.html,4,html,1e262410,Bobz18,2026-04-03,19:07:14,-07:00,2026-04-03T19:07:14-07:00,2,20
resume/index.html,5,html,1e262410,Bobz18,2026-04-03,19:07:14,-07:00,2026-04-03T19:07:14-07:00,2,68
resume/index.html,6,html,1e262410,Bobz18,2026-04-03,19:07:14,-07:00,2026-04-03T19:07:14-07:00,2,19
resume/index.html,7,html,1e262410,Bobz18,2026-04-03,19:07:14,-07:00,2026-04-03T19:07:14-07:00,2,41
resume/index.html,8,html,1e262410,Bobz18,2026-04-03,19:07:14,-07:00,2026-04-03T19:07:14-07:00,0,5
resume/index.html,9,html,1e262410,Bobz18,2026-04-03,19:07:14,-07:00,2026-04-03T19:07:14-07:00,0,4
resume/index.html,10,html,1e262410,Bobz18,2026-04-03,19:07:14,-07:00,2026-04-03T19:07:14-07:00,2,6
resume/index.html,11,html,1e262410,Bobz18,2026-04-03,19:07:14,-07:00,2026-04-03T19:07:14-07:00,4,2
resume/index.html,12,html,1e262410,Bobz18,2026-04-03,19:07:14,-07:00,2026-04-03T19:07:14-07:00,6,12
resume/index.html,13,html,1e262410,Bobz18,2026-04-03,19:07:14,-07:00,2026-04-03T19:07:14-07:00,4,3
resume/index.html,14,html,1e262410,Bobz18,2026-04-03,19:07:14,-07:00,2026-04-03T19:07:14-07:00,4,1
resume/index.html,15,html,1e262410,Bobz18,2026-04-03,19:07:14,-07:00,2026-04-03T19:07:14-07:00,6,24
resume/index.html,16,html,1e262410,Bobz18,2026-04-03,19:07:14,-07:00,2026-04-03T19:07:14-07:00,4,2
resume/index.html,17,html,1e262410,Bobz18,2026-04-03,19:07:14,-07:00,2026-04-03T19:07:14-07:00,4,1
resume/index.html,18,html,1e262410,Bobz18,2026-04-03,19:07:14,-07:00,2026-04-03T19:07:14-07:00,6,57
resume/index.html,19,html,1e262410,Bobz18,2026-04-03,19:07:14,-07:00,2026-04-03T19:07:14-07:00,4,2
resume/index.html,20,html,1e262410,Bobz18,2026-04-03,19:07:14,-07:00,2026-04-03T19:07:14-07:00,4,1
resume/index.html,21,html,1e262410,Bobz18,2026-04-03,19:07:14,-07:00,2026-04-03T19:07:14-07:00,6,93
resume/index.html,22,html,1e262410,Bobz18,2026-04-03,19:07:14,-07:00,2026-04-03T19:07:14-07:00,4,2
resume/index.html,23,html,1e262410,Bobz18,2026-04-03,19:07:14,-07:00,2026-04-03T19:07:14-07:00,2,7
resume/index.html,24,html,1e262410,Bobz18,2026-04-03,19:07:14,-07:00,2026-04-03T19:07:14-07:00,0,0
resume/index.html,25,html,1e262410,Bobz18,2026-04-03,19:07:14,-07:00,2026-04-03T19:07:14-07:00,2,20
resume/index.html,26,html,1e262410,Bobz18,2026-04-03,19:07:14,-07:00,2026-04-03T19:07:14-07:00,4,14
resume/index.html,27,html,1e262410,Bobz18,2026-04-03,19:07:14,-07:00,2026-04-03T19:07:14-07:00,4,1
resume/index.html,28,html,1e262410,Bobz18,2026-04-03,19:07:14,-07:00,2026-04-03T19:07:14-07:00,6,62
resume/index.html,29,html,1e262410,Bobz18,2026-04-03,19:07:14,-07:00,2026-04-03T19:07:14-07:00,6,60
resume/index.html,30,html,1e262410,Bobz18,2026-04-03,19:07:14,-07:00,2026-04-03T19:07:14-07:00,6,8
resume/index.html,31,html,1e262410,Bobz18,2026-04-03,19:07:14,-07:00,2026-04-03T19:07:14-07:00,4,2
resume/index.html,32,html,1e262410,Bobz18,2026-04-03,19:07:14,-07:00,2026-04-03T19:07:14-07:00,2,8
resume/index.html,33,html,1e262410,Bobz18,2026-04-03,19:07:14,-07:00,2026-04-03T19:07:14-07:00,0,0
resume/index.html,34,html,1e262410,Bobz18,2026-04-03,19:07:14,-07:00,2026-04-03T19:07:14-07:00,2,23
resume/index.html,35,html,1e262410,Bobz18,2026-04-03,19:07:14,-07:00,2026-04-03T19:07:14-07:00,4,22
resume/index.html,36,html,1e262410,Bobz18,2026-04-03,19:07:14,-07:00,2026-04-03T19:07:14-07:00,4,0
resume/index.html,37,html,1e262410,Bobz18,2026-04-03,19:07:14,-07:00,2026-04-03T19:07:14-07:00,4,7
resume/index.html,38,html,9c9bd82a,Bobz18,2026-04-09,17:40:48,-07:00,2026-04-09T17:40:48-07:00,6,6
resume/index.html,39,html,9c9bd82a,Bobz18,2026-04-09,17:40:48,-07:00,2026-04-09T17:40:48-07:00,8,70
resume/index.html,40,html,9c9bd82a,Bobz18,2026-04-09,17:40:48,-07:00,2026-04-09T17:40:48-07:00,8,1
resume/index.html,41,html,9c9bd82a,Bobz18,2026-04-09,17:40:48,-07:00,2026-04-09T17:40:48-07:00,10,40
resume/index.html,42,html,9c9bd82a,Bobz18,2026-04-09,17:40:48,-07:00,2026-04-09T17:40:48-07:00,10,38
resume/index.html,43,html,9c9bd82a,Bobz18,2026-04-09,17:40:48,-07:00,2026-04-09T17:40:48-07:00,8,2
resume/index.html,44,html,9c9bd82a,Bobz18,2026-04-09,17:40:48,-07:00,2026-04-09T17:40:48-07:00,6,7
resume/index.html,45,html,1e262410,Bobz18,2026-04-03,19:07:14,-07:00,2026-04-03T19:07:14-07:00,6,2
resume/index.html,46,html,1e262410,Bobz18,2026-04-03,19:07:14,-07:00,2026-04-03T19:07:14-07:00,8,61
resume/index.html,47,html,1e262410,Bobz18,2026-04-03,19:07:14,-07:00,2026-04-03T19:07:14-07:00,10,45
resume/index.html,48,html,1e262410,Bobz18,2026-04-03,19:07:14,-07:00,2026-04-03T19:07:14-07:00,10,47
resume/index.html,49,html,1e262410,Bobz18,2026-04-03,19:07:14,-07:00,2026-04-03T19:07:14-07:00,10,51
resume/index.html,50,html,1e262410,Bobz18,2026-04-03,19:07:14,-07:00,2026-04-03T19:07:14-07:00,8,3
resume/index.html,51,html,1e262410,Bobz18,2026-04-03,19:07:14,-07:00,2026-04-03T19:07:14-07:00,8,53
resume/index.html,52,html,1e262410,Bobz18,2026-04-03,19:07:14,-07:00,2026-04-03T19:07:14-07:00,10,56
resume/index.html,53,html,1e262410,Bobz18,2026-04-03,19:07:14,-07:00,2026-04-03T19:07:14-07:00,10,50
resume/index.html,54,html,1e262410,Bobz18,2026-04-03,19:07:14,-07:00,2026-04-03T19:07:14-07:00,10,48
resume/index.html,55,html,1e262410,Bobz18,2026-04-03,19:07:14,-07:00,2026-04-03T19:07:14-07:00,8,3
resume/index.html,56,html,1e262410,Bobz18,2026-04-03,19:07:14,-07:00,2026-04-03T19:07:14-07:00,6,3
resume/index.html,57,html,1e262410,Bobz18,2026-04-03,19:07:14,-07:00,2026-04-03T19:07:14-07:00,4,8
resume/index.html,58,html,1e262410,Bobz18,2026-04-03,19:07:14,-07:00,2026-04-03T19:07:14-07:00,2,8
resume/index.html,59,html,1e262410,Bobz18,2026-04-03,19:07:14,-07:00,2026-04-03T19:07:14-07:00,0,0
resume/index.html,60,html,1e262410,Bobz18,2026-04-03,19:07:14,-07:00,2026-04-03T19:07:14-07:00,2,22
resume/index.html,61,html,1e262410,Bobz18,2026-04-03,19:07:14,-07:00,2026-04-03T19:07:14-07:00,4,16
resume/index.html,62,html,1e262410,Bobz18,2026-04-03,19:07:14,-07:00,2026-04-03T19:07:14-07:00,4,0
resume/index.html,63,html,1e262410,Bobz18,2026-04-03,19:07:14,-07:00,2026-04-03T19:07:14-07:00,4,7
resume/index.html,64,html,9c9bd82a,Bobz18,2026-04-09,17:40:48,-07:00,2026-04-09T17:40:48-07:00,6,6
resume/index.html,65,html,9c9bd82a,Bobz18,2026-04-09,17:40:48,-07:00,2026-04-09T17:40:48-07:00,8,42
resume/index.html,66,html,9c9bd82a,Bobz18,2026-04-09,17:40:48,-07:00,2026-04-09T17:40:48-07:00,8,1
resume/index.html,67,html,9c9bd82a,Bobz18,2026-04-09,17:40:48,-07:00,2026-04-09T17:40:48-07:00,10,40
resume/index.html,68,html,9c9bd82a,Bobz18,2026-04-09,17:40:48,-07:00,2026-04-09T17:40:48-07:00,10,38
resume/index.html,69,html,9c9bd82a,Bobz18,2026-04-09,17:40:48,-07:00,2026-04-09T17:40:48-07:00,8,2
resume/index.html,70,html,9c9bd82a,Bobz18,2026-04-09,17:40:48,-07:00,2026-04-09T17:40:48-07:00,6,7
resume/index.html,71,html,9c9bd82a,Bobz18,2026-04-09,17:40:48,-07:00,2026-04-09T17:40:48-07:00,6,54
resume/index.html,72,html,1e262410,Bobz18,2026-04-03,19:07:14,-07:00,2026-04-03T19:07:14-07:00,4,8
resume/index.html,73,html,08171c88,Bobz18,2026-04-03,19:43:33,-07:00,2026-04-03T19:43:33-07:00,4,7
resume/index.html,74,html,9c9bd82a,Bobz18,2026-04-09,17:40:48,-07:00,2026-04-09T17:40:48-07:00,6,6
resume/index.html,75,html,9c9bd82a,Bobz18,2026-04-09,17:40:48,-07:00,2026-04-09T17:40:48-07:00,8,28
resume/index.html,76,html,9c9bd82a,Bobz18,2026-04-09,17:40:48,-07:00,2026-04-09T17:40:48-07:00,8,1
resume/index.html,77,html,9c9bd82a,Bobz18,2026-04-09,17:40:48,-07:00,2026-04-09T17:40:48-07:00,10,40
resume/index.html,78,html,9c9bd82a,Bobz18,2026-04-09,17:40:48,-07:00,2026-04-09T17:40:48-07:00,10,38
resume/index.html,79,html,9c9bd82a,Bobz18,2026-04-09,17:40:48,-07:00,2026-04-09T17:40:48-07:00,8,2
resume/index.html,80,html,9c9bd82a,Bobz18,2026-04-09,17:40:48,-07:00,2026-04-09T17:40:48-07:00,6,7
resume/index.html,81,html,9c9bd82a,Bobz18,2026-04-09,17:40:48,-07:00,2026-04-09T17:40:48-07:00,6,45
resume/index.html,82,html,08171c88,Bobz18,2026-04-03,19:43:33,-07:00,2026-04-03T19:43:33-07:00,4,8
resume/index.html,83,html,1e262410,Bobz18,2026-04-03,19:07:14,-07:00,2026-04-03T19:07:14-07:00,2,8
resume/index.html,84,html,1e262410,Bobz18,2026-04-03,19:07:14,-07:00,2026-04-03T19:07:14-07:00,0,0
resume/index.html,85,html,1e262410,Bobz18,2026-04-03,19:07:14,-07:00,2026-04-03T19:07:14-07:00,2,19
resume/index.html,86,html,1e262410,Bobz18,2026-04-03,19:07:14,-07:00,2026-04-03T19:07:14-07:00,4,13
resume/index.html,87,html,1e262410,Bobz18,2026-04-03,19:07:14,-07:00,2026-04-03T19:07:14-07:00,4,2
resume/index.html,88,html,1e262410,Bobz18,2026-04-03,19:07:14,-07:00,2026-04-03T19:07:14-07:00,6,66
resume/index.html,89,html,1e262410,Bobz18,2026-04-03,19:07:14,-07:00,2026-04-03T19:07:14-07:00,6,71
resume/index.html,90,html,1e262410,Bobz18,2026-04-03,19:07:14,-07:00,2026-04-03T19:07:14-07:00,6,50
resume/index.html,91,html,1e262410,Bobz18,2026-04-03,19:07:14,-07:00,2026-04-03T19:07:14-07:00,4,3
resume/index.html,92,html,1e262410,Bobz18,2026-04-03,19:07:14,-07:00,2026-04-03T19:07:14-07:00,2,8
resume/index.html,93,html,3d587f4b,Bobz18,2026-04-17,19:55:23,-07:00,2026-04-17T19:55:23-07:00,2,48
resume/index.html,94,html,1e262410,Bobz18,2026-04-03,19:07:14,-07:00,2026-04-03T19:07:14-07:00,0,5
resume/index.html,95,html,1e262410,Bobz18,2026-04-03,19:07:14,-07:00,2026-04-03T19:07:14-07:00,0,5
projects/projects.js,1,js,9e83c78c,Bobz18,2026-04-28,17:39:21,-07:00,2026-04-28T17:39:21-07:00,0,63
projects/projects.js,2,js,86988a62,Bobz18,2026-04-24,21:31:48,-07:00,2026-04-24T21:31:48-07:00,0,55
projects/projects.js,3,js,86988a62,Bobz18,2026-04-24,21:31:48,-07:00,2026-04-24T21:31:48-07:00,0,0
projects/projects.js,4,js,86988a62,Bobz18,2026-04-24,21:31:48,-07:00,2026-04-24T21:31:48-07:00,0,55
projects/projects.js,5,js,9e83c78c,Bobz18,2026-04-28,17:39:21,-07:00,2026-04-28T17:39:21-07:00,0,13
projects/projects.js,6,js,16253891,Bobz18,2026-05-01,19:58:08,-07:00,2026-05-01T19:58:08-07:00,0,22
projects/projects.js,7,js,86988a62,Bobz18,2026-04-24,21:31:48,-07:00,2026-04-24T21:31:48-07:00,0,0
projects/projects.js,8,js,86988a62,Bobz18,2026-04-24,21:31:48,-07:00,2026-04-24T21:31:48-07:00,0,54
projects/projects.js,9,js,86988a62,Bobz18,2026-04-24,21:31:48,-07:00,2026-04-24T21:31:48-07:00,0,48
projects/projects.js,10,js,86988a62,Bobz18,2026-04-24,21:31:48,-07:00,2026-04-24T21:31:48-07:00,0,0
projects/projects.js,11,js,86988a62,Bobz18,2026-04-24,21:31:48,-07:00,2026-04-24T21:31:48-07:00,0,60
projects/projects.js,12,js,86988a62,Bobz18,2026-04-24,21:31:48,-07:00,2026-04-24T21:31:48-07:00,0,0
projects/projects.js,13,js,9e83c78c,Bobz18,2026-04-28,17:39:21,-07:00,2026-04-28T17:39:21-07:00,0,48
projects/projects.js,14,js,9e83c78c,Bobz18,2026-04-28,17:39:21,-07:00,2026-04-28T17:39:21-07:00,0,38
projects/projects.js,15,js,9e83c78c,Bobz18,2026-04-28,17:39:21,-07:00,2026-04-28T17:39:21-07:00,1,40
projects/projects.js,16,js,9e83c78c,Bobz18,2026-04-28,17:39:21,-07:00,2026-04-28T17:39:21-07:00,1,29
projects/projects.js,17,js,9e83c78c,Bobz18,2026-04-28,17:39:21,-07:00,2026-04-28T17:39:21-07:00,0,0
projects/projects.js,18,js,9e83c78c,Bobz18,2026-04-28,17:39:21,-07:00,2026-04-28T17:39:21-07:00,1,32
projects/projects.js,19,js,9e83c78c,Bobz18,2026-04-28,17:39:21,-07:00,2026-04-28T17:39:21-07:00,1,30
projects/projects.js,20,js,9e83c78c,Bobz18,2026-04-28,17:39:21,-07:00,2026-04-28T17:39:21-07:00,0,0
projects/projects.js,21,js,9e83c78c,Bobz18,2026-04-28,17:39:21,-07:00,2026-04-28T17:39:21-07:00,1,26
projects/projects.js,22,js,9e83c78c,Bobz18,2026-04-28,17:39:21,-07:00,2026-04-28T17:39:21-07:00,2,12
projects/projects.js,23,js,9e83c78c,Bobz18,2026-04-28,17:39:21,-07:00,2026-04-28T17:39:21-07:00,2,14
projects/projects.js,24,js,9e83c78c,Bobz18,2026-04-28,17:39:21,-07:00,2026-04-28T17:39:21-07:00,2,11
projects/projects.js,25,js,9e83c78c,Bobz18,2026-04-28,17:39:21,-07:00,2026-04-28T17:39:21-07:00,1,0
projects/projects.js,26,js,9e83c78c,Bobz18,2026-04-28,17:39:21,-07:00,2026-04-28T17:39:21-07:00,0,0
projects/projects.js,27,js,9e83c78c,Bobz18,2026-04-28,17:39:21,-07:00,2026-04-28T17:39:21-07:00,1,44
projects/projects.js,28,js,9e83c78c,Bobz18,2026-04-28,17:39:21,-07:00,2026-04-28T17:39:21-07:00,2,35
projects/projects.js,29,js,9e83c78c,Bobz18,2026-04-28,17:39:21,-07:00,2026-04-28T17:39:21-07:00,1,1
projects/projects.js,30,js,9e83c78c,Bobz18,2026-04-28,17:39:21,-07:00,2026-04-28T17:39:21-07:00,0,0
projects/projects.js,31,js,9e83c78c,Bobz18,2026-04-28,17:39:21,-07:00,2026-04-28T17:39:21-07:00,1,48
projects/projects.js,32,js,9e83c78c,Bobz18,2026-04-28,17:39:21,-07:00,2026-04-28T17:39:21-07:00,1,33
projects/projects.js,33,js,9e83c78c,Bobz18,2026-04-28,17:39:21,-07:00,2026-04-28T17:39:21-07:00,0,0
projects/projects.js,34,js,9e83c78c,Bobz18,2026-04-28,17:39:21,-07:00,2026-04-28T17:39:21-07:00,1,25
projects/projects.js,35,js,9e83c78c,Bobz18,2026-04-28,17:39:21,-07:00,2026-04-28T17:39:21-07:00,2,13
projects/projects.js,36,js,9e83c78c,Bobz18,2026-04-28,17:39:21,-07:00,2026-04-28T17:39:21-07:00,2,15
projects/projects.js,37,js,9e83c78c,Bobz18,2026-04-28,17:39:21,-07:00,2026-04-28T17:39:21-07:00,0,0
projects/projects.js,38,js,9e83c78c,Bobz18,2026-04-28,17:39:21,-07:00,2026-04-28T17:39:21-07:00,1,47
projects/projects.js,39,js,9e83c78c,Bobz18,2026-04-28,17:39:21,-07:00,2026-04-28T17:39:21-07:00,0,0
projects/projects.js,40,js,9e83c78c,Bobz18,2026-04-28,17:39:21,-07:00,2026-04-28T17:39:21-07:00,1,27
projects/projects.js,41,js,9e83c78c,Bobz18,2026-04-28,17:39:21,-07:00,2026-04-28T17:39:21-07:00,2,16
projects/projects.js,42,js,9e83c78c,Bobz18,2026-04-28,17:39:21,-07:00,2026-04-28T17:39:21-07:00,4,25
projects/projects.js,43,js,9e83c78c,Bobz18,2026-04-28,17:39:21,-07:00,2026-04-28T17:39:21-07:00,4,24
projects/projects.js,44,js,16253891,Bobz18,2026-05-01,19:58:08,-07:00,2026-05-01T19:58:08-07:00,4,64
projects/projects.js,45,js,9e83c78c,Bobz18,2026-04-28,17:39:21,-07:00,2026-04-28T17:39:21-07:00,4,18
projects/projects.js,46,js,16253891,Bobz18,2026-05-01,19:58:08,-07:00,2026-05-01T19:58:08-07:00,5,25
projects/projects.js,47,js,16253891,Bobz18,2026-05-01,19:58:08,-07:00,2026-05-01T19:58:08-07:00,5,49
projects/projects.js,48,js,9e83c78c,Bobz18,2026-04-28,17:39:21,-07:00,2026-04-28T17:39:21-07:00,0,0
projects/projects.js,49,js,16253891,Bobz18,2026-05-01,19:58:08,-07:00,2026-05-01T19:58:08-07:00,4,51
projects/projects.js,50,js,16253891,Bobz18,2026-05-01,19:58:08,-07:00,2026-05-01T19:58:08-07:00,5,59
projects/projects.js,51,js,16253891,Bobz18,2026-05-01,19:58:08,-07:00,2026-05-01T19:58:08-07:00,5,41
projects/projects.js,52,js,16253891,Bobz18,2026-05-01,19:58:08,-07:00,2026-05-01T19:58:08-07:00,5,71
projects/projects.js,53,js,9e83c78c,Bobz18,2026-04-28,17:39:21,-07:00,2026-04-28T17:39:21-07:00,0,0
projects/projects.js,54,js,16253891,Bobz18,2026-05-01,19:58:08,-07:00,2026-05-01T19:58:08-07:00,5,34
projects/projects.js,55,js,9e83c78c,Bobz18,2026-04-28,17:39:21,-07:00,2026-04-28T17:39:21-07:00,4,1
projects/projects.js,56,js,16253891,Bobz18,2026-05-01,19:58:08,-07:00,2026-05-01T19:58:08-07:00,0,0
projects/projects.js,57,js,16253891,Bobz18,2026-05-01,19:58:08,-07:00,2026-05-01T19:58:08-07:00,4,31
projects/projects.js,58,js,16253891,Bobz18,2026-05-01,19:58:08,-07:00,2026-05-01T19:58:08-07:00,4,56
projects/projects.js,59,js,16253891,Bobz18,2026-05-01,19:58:08,-07:00,2026-05-01T19:58:08-07:00,4,23
projects/projects.js,60,js,16253891,Bobz18,2026-05-01,19:58:08,-07:00,2026-05-01T19:58:08-07:00,3,1
projects/projects.js,61,js,16253891,Bobz18,2026-05-01,19:58:08,-07:00,2026-05-01T19:58:08-07:00,1,1
projects/projects.js,62,js,9e83c78c,Bobz18,2026-04-28,17:39:21,-07:00,2026-04-28T17:39:21-07:00,0,0
projects/projects.js,63,js,9e83c78c,Bobz18,2026-04-28,17:39:21,-07:00,2026-04-28T17:39:21-07:00,1,24
projects/projects.js,64,js,9e83c78c,Bobz18,2026-04-28,17:39:21,-07:00,2026-04-28T17:39:21-07:00,2,17
projects/projects.js,65,js,16253891,Bobz18,2026-05-01,19:58:08,-07:00,2026-05-01T19:58:08-07:00,4,56
projects/projects.js,66,js,9e83c78c,Bobz18,2026-04-28,17:39:21,-07:00,2026-04-28T17:39:21-07:00,4,38
projects/projects.js,67,js,9e83c78c,Bobz18,2026-04-28,17:39:21,-07:00,2026-04-28T17:39:21-07:00,4,5
projects/projects.js,68,js,9e83c78c,Bobz18,2026-04-28,17:39:21,-07:00,2026-04-28T17:39:21-07:00,6,26
projects/projects.js,69,js,9e83c78c,Bobz18,2026-04-28,17:39:21,-07:00,2026-04-28T17:39:21-07:00,6,30
projects/projects.js,70,js,9e83c78c,Bobz18,2026-04-28,17:39:21,-07:00,2026-04-28T17:39:21-07:00,4,1
projects/projects.js,71,js,9e83c78c,Bobz18,2026-04-28,17:39:21,-07:00,2026-04-28T17:39:21-07:00,1,1
projects/projects.js,72,js,9e83c78c,Bobz18,2026-04-28,17:39:21,-07:00,2026-04-28T17:39:21-07:00,0,0
projects/projects.js,73,js,9e83c78c,Bobz18,2026-04-28,17:39:21,-07:00,2026-04-28T17:39:21-07:00,0,0
projects/projects.js,74,js,9e83c78c,Bobz18,2026-04-28,17:39:21,-07:00,2026-04-28T17:39:21-07:00,0,23
projects/projects.js,75,js,9e83c78c,Bobz18,2026-04-28,17:39:21,-07:00,2026-04-28T17:39:21-07:00,0,0
projects/projects.js,76,js,9e83c78c,Bobz18,2026-04-28,17:39:21,-07:00,2026-04-28T17:39:21-07:00,0,53
projects/projects.js,77,js,9e83c78c,Bobz18,2026-04-28,17:39:21,-07:00,2026-04-28T17:39:21-07:00,0,0
projects/projects.js,78,js,9e83c78c,Bobz18,2026-04-28,17:39:21,-07:00,2026-04-28T17:39:21-07:00,0,48
projects/projects.js,79,js,9e83c78c,Bobz18,2026-04-28,17:39:21,-07:00,2026-04-28T17:39:21-07:00,1,39
projects/projects.js,80,js,9e83c78c,Bobz18,2026-04-28,17:39:21,-07:00,2026-04-28T17:39:21-07:00,0,0
projects/projects.js,81,js,9e83c78c,Bobz18,2026-04-28,17:39:21,-07:00,2026-04-28T17:39:21-07:00,1,51
projects/projects.js,82,js,9e83c78c,Bobz18,2026-04-28,17:39:21,-07:00,2026-04-28T17:39:21-07:00,2,59
projects/projects.js,83,js,16253891,Bobz18,2026-05-01,19:58:08,-07:00,2026-05-01T19:58:08-07:00,2,41
projects/projects.js,84,js,16253891,Bobz18,2026-05-01,19:58:08,-07:00,2026-05-01T19:58:08-07:00,2,71
projects/projects.js,85,js,16253891,Bobz18,2026-05-01,19:58:08,-07:00,2026-05-01T19:58:08-07:00,0,0
projects/projects.js,86,js,16253891,Bobz18,2026-05-01,19:58:08,-07:00,2026-05-01T19:58:08-07:00,2,34
projects/projects.js,87,js,9e83c78c,Bobz18,2026-04-28,17:39:21,-07:00,2026-04-28T17:39:21-07:00,1,1
projects/projects.js,88,js,9e83c78c,Bobz18,2026-04-28,17:39:21,-07:00,2026-04-28T17:39:21-07:00,0,0
projects/projects.js,89,js,9e83c78c,Bobz18,2026-04-28,17:39:21,-07:00,2026-04-28T17:39:21-07:00,1,31
projects/projects.js,90,js,9e83c78c,Bobz18,2026-04-28,17:39:21,-07:00,2026-04-28T17:39:21-07:00,1,56
projects/projects.js,91,js,9e83c78c,Bobz18,2026-04-28,17:39:21,-07:00,2026-04-28T17:39:21-07:00,1,31
projects/projects.js,92,js,16253891,Bobz18,2026-05-01,19:58:08,-07:00,2026-05-01T19:58:08-07:00,0,1
projects/projects.js,93,js,16253891,Bobz18,2026-05-01,19:58:08,-07:00,2026-05-01T19:58:08-07:00,0,0
projects/index.html,1,html,cb9d12a2,Bobz18,2026-04-03,18:34:19,-07:00,2026-04-03T18:34:19-07:00,0,13
projects/index.html,2,html,cb9d12a2,Bobz18,2026-04-03,18:34:19,-07:00,2026-04-03T18:34:19-07:00,0,14
projects/index.html,3,html,cb9d12a2,Bobz18,2026-04-03,18:34:19,-07:00,2026-04-03T18:34:19-07:00,0,4
projects/index.html,4,html,cb9d12a2,Bobz18,2026-04-03,18:34:19,-07:00,2026-04-03T18:34:19-07:00,2,20
projects/index.html,5,html,cb9d12a2,Bobz18,2026-04-03,18:34:19,-07:00,2026-04-03T18:34:19-07:00,2,68
projects/index.html,6,html,cb9d12a2,Bobz18,2026-04-03,18:34:19,-07:00,2026-04-03T18:34:19-07:00,2,21
projects/index.html,7,html,1e262410,Bobz18,2026-04-03,19:07:14,-07:00,2026-04-03T19:07:14-07:00,2,41
projects/index.html,8,html,cb9d12a2,Bobz18,2026-04-03,18:34:19,-07:00,2026-04-03T18:34:19-07:00,0,5
projects/index.html,9,html,cb9d12a2,Bobz18,2026-04-03,18:34:19,-07:00,2026-04-03T18:34:19-07:00,0,4
projects/index.html,10,html,9e83c78c,Bobz18,2026-04-28,17:39:21,-07:00,2026-04-28T17:39:21-07:00,2,41
projects/index.html,11,html,9e83c78c,Bobz18,2026-04-28,17:39:21,-07:00,2026-04-28T17:39:21-07:00,2,21
projects/index.html,12,html,9e83c78c,Bobz18,2026-04-28,17:39:21,-07:00,2026-04-28T17:39:21-07:00,4,58
projects/index.html,13,html,9e83c78c,Bobz18,2026-04-28,17:39:21,-07:00,2026-04-28T17:39:21-07:00,4,22
projects/index.html,14,html,9e83c78c,Bobz18,2026-04-28,17:39:21,-07:00,2026-04-28T17:39:21-07:00,2,4
projects/index.html,15,html,9e83c78c,Bobz18,2026-04-28,17:39:21,-07:00,2026-04-28T17:39:21-07:00,2,4
projects/index.html,16,html,9e83c78c,Bobz18,2026-04-28,17:39:21,-07:00,2026-04-28T17:39:21-07:00,4,15
projects/index.html,17,html,9e83c78c,Bobz18,2026-04-28,17:39:21,-07:00,2026-04-28T17:39:21-07:00,4,11
projects/index.html,18,html,9e83c78c,Bobz18,2026-04-28,17:39:21,-07:00,2026-04-28T17:39:21-07:00,4,26
projects/index.html,19,html,9e83c78c,Bobz18,2026-04-28,17:39:21,-07:00,2026-04-28T17:39:21-07:00,4,33
projects/index.html,20,html,9e83c78c,Bobz18,2026-04-28,17:39:21,-07:00,2026-04-28T17:39:21-07:00,2,0
projects/index.html,21,html,86988a62,Bobz18,2026-04-24,21:31:48,-07:00,2026-04-24T21:31:48-07:00,2,26
projects/index.html,22,html,3d587f4b,Bobz18,2026-04-17,19:55:23,-07:00,2026-04-17T19:55:23-07:00,2,48
projects/index.html,23,html,86988a62,Bobz18,2026-04-24,21:31:48,-07:00,2026-04-24T21:31:48-07:00,2,47
projects/index.html,24,html,cb9d12a2,Bobz18,2026-04-03,18:34:19,-07:00,2026-04-03T18:34:19-07:00,0,5
projects/index.html,25,html,cb9d12a2,Bobz18,2026-04-03,18:34:19,-07:00,2026-04-03T18:34:19-07:00,0,5
contact/index.html,1,html,cb9d12a2,Bobz18,2026-04-03,18:34:19,-07:00,2026-04-03T18:34:19-07:00,0,13
contact/index.html,2,html,cb9d12a2,Bobz18,2026-04-03,18:34:19,-07:00,2026-04-03T18:34:19-07:00,0,14
contact/index.html,3,html,cb9d12a2,Bobz18,2026-04-03,18:34:19,-07:00,2026-04-03T18:34:19-07:00,0,4
contact/index.html,4,html,cb9d12a2,Bobz18,2026-04-03,18:34:19,-07:00,2026-04-03T18:34:19-07:00,2,20
contact/index.html,5,html,cb9d12a2,Bobz18,2026-04-03,18:34:19,-07:00,2026-04-03T18:34:19-07:00,2,68
contact/index.html,6,html,cb9d12a2,Bobz18,2026-04-03,18:34:19,-07:00,2026-04-03T18:34:19-07:00,2,20
contact/index.html,7,html,1e262410,Bobz18,2026-04-03,19:07:14,-07:00,2026-04-03T19:07:14-07:00,2,41
contact/index.html,8,html,cb9d12a2,Bobz18,2026-04-03,18:34:19,-07:00,2026-04-03T18:34:19-07:00,0,5
contact/index.html,9,html,cb9d12a2,Bobz18,2026-04-03,18:34:19,-07:00,2026-04-03T18:34:19-07:00,0,4
contact/index.html,10,html,cb9d12a2,Bobz18,2026-04-03,18:34:19,-07:00,2026-04-03T18:34:19-07:00,2,2
contact/index.html,11,html,cb9d12a2,Bobz18,2026-04-03,18:34:19,-07:00,2026-04-03T18:34:19-07:00,4,5
contact/index.html,12,html,cb9d12a2,Bobz18,2026-04-03,18:34:19,-07:00,2026-04-03T18:34:19-07:00,2,3
contact/index.html,13,html,bdb6b08b,Bobz18,2026-04-03,18:42:58,-07:00,2026-04-03T18:42:58-07:00,2,71
contact/index.html,14,html,bdb6b08b,Bobz18,2026-04-03,18:42:58,-07:00,2026-04-03T18:42:58-07:00,4,5
contact/index.html,15,html,bdb6b08b,Bobz18,2026-04-03,18:42:58,-07:00,2026-04-03T18:42:58-07:00,6,9
contact/index.html,16,html,bdb6b08b,Bobz18,2026-04-03,18:42:58,-07:00,2026-04-03T18:42:58-07:00,6,40
contact/index.html,17,html,bdb6b08b,Bobz18,2026-04-03,18:42:58,-07:00,2026-04-03T18:42:58-07:00,4,6
contact/index.html,18,html,bdb6b08b,Bobz18,2026-04-03,18:42:58,-07:00,2026-04-03T18:42:58-07:00,0,0
contact/index.html,19,html,bdb6b08b,Bobz18,2026-04-03,18:42:58,-07:00,2026-04-03T18:42:58-07:00,4,5
contact/index.html,20,html,bdb6b08b,Bobz18,2026-04-03,18:42:58,-07:00,2026-04-03T18:42:58-07:00,6,6
contact/index.html,21,html,bdb6b08b,Bobz18,2026-04-03,18:42:58,-07:00,2026-04-03T18:42:58-07:00,6,29
contact/index.html,22,html,bdb6b08b,Bobz18,2026-04-03,18:42:58,-07:00,2026-04-03T18:42:58-07:00,4,6
contact/index.html,23,html,bdb6b08b,Bobz18,2026-04-03,18:42:58,-07:00,2026-04-03T18:42:58-07:00,0,0
contact/index.html,24,html,bdb6b08b,Bobz18,2026-04-03,18:42:58,-07:00,2026-04-03T18:42:58-07:00,4,5
contact/index.html,25,html,bdb6b08b,Bobz18,2026-04-03,18:42:58,-07:00,2026-04-03T18:42:58-07:00,6,6
contact/index.html,26,html,ba43f801,Bobz18,2026-04-03,19:20:58,-07:00,2026-04-03T19:20:58-07:00,6,50
contact/index.html,27,html,bdb6b08b,Bobz18,2026-04-03,18:42:58,-07:00,2026-04-03T18:42:58-07:00,4,6
contact/index.html,28,html,bdb6b08b,Bobz18,2026-04-03,18:42:58,-07:00,2026-04-03T18:42:58-07:00,0,0
contact/index.html,29,html,bdb6b08b,Bobz18,2026-04-03,18:42:58,-07:00,2026-04-03T18:42:58-07:00,4,27
contact/index.html,30,html,bdb6b08b,Bobz18,2026-04-03,18:42:58,-07:00,2026-04-03T18:42:58-07:00,2,5
contact/index.html,31,html,3d587f4b,Bobz18,2026-04-17,19:55:23,-07:00,2026-04-17T19:55:23-07:00,2,48
contact/index.html,32,html,cb9d12a2,Bobz18,2026-04-03,18:34:19,-07:00,2026-04-03T18:34:19-07:00,0,5
contact/index.html,33,html,cb9d12a2,Bobz18,2026-04-03,18:34:19,-07:00,2026-04-03T18:34:19-07:00,0,5
